fecha,coleccion,slug,floor_eth,floor_usd
2026-09-01,Chain Mancers,chain-mancers,1.2,2887.93
2026-09-01,H00dle,h00dle,0.003963169799999998,9.54
2026-09-01,Gremlin Cartel,gremlin-cartel,0.0062806299,15.12
2026-09-01,Robinhood Kitties,robinhood-kitties,0.01479633,35.61
2026-09-01,PitBoys,pitboys,0.02494559899799999,60.03
2026-09-01,Bulls Runners Genesis,bulls-runners-genesis,0.0396353,95.39
2026-09-01,Yardkeepers,yardkeepers,0.48999,1179.21
2026-09-01,Robinhood Punks,robinhood-punks,0.009279,22.33
2026-09-01,Chain Mancers,chain-mancers,1.2,2889.37
2026-09-01,pyopyopyopyo,pyopyopyopyo-nft,0.03,72.23
2026-09-01,H00dle,h00dle,0.00396235,9.54
2026-09-01,Gremlin Cartel,gremlin-cartel,0.0062536299,15.06
2026-09-01,Robinhood Kitties,robinhood-kitties,0.0147943,35.62
2026-09-01,PitBoys,pitboys,0.024914898996000006,59.99
2026-09-01,Bulls Runners Genesis,bulls-runners-genesis,0.0396349,95.43
2026-09-01,Yardkeepers,yardkeepers,0.48999,1179.8
2026-09-01,Robinhood Punks,robinhood-punks,0.009279,22.34
2026-09-01,Rekt Tradooor,rekt-tradooor,0.0457917,110.26
2026-09-01,ukiyo,ukiyo-rh,0.0034793783,8.38
2026-09-01,The Suits,the-suits-nft,0.007705,18.55
2026-09-01,Toadzers,toadzers,0.0012385837,2.98
2026-09-01,urufu gemu,urufugemu,0.0111194,26.77
2026-09-01,DIVERGENTS,divergents,0.0012905,3.11
2026-09-01,CyberLeek Genesis,cyberleek-genesis,0.0002,0.48
2026-09-01,Black Label Birds,black-label-birds,0.001,2.41
2026-09-01,ROBO BROKERS,robo-brokers,0.001431924599999955,3.45
2026-09-01,Sherwood Outlaws,sherwood-outlaws,0.0005998,1.44
2026-09-01,WIF Outlaws,wif-outlaws,0.209999,505.64
2026-09-01,Veggie Traders,veggie-traders,0.0001497,0.36
2026-09-01,Internet Monkes,internetmonkes,0.0159611,38.43
2026-09-01,Hopium Machines,hopium-machines,0.0033664,8.11
2026-09-01,QUOTRONS,quotrons,6.49,15615
2026-09-01,Chain Mancers,chain-mancers,1.2,2887.21
2026-09-01,pyopyopyopyo,pyopyopyopyo-nft,0.03,72.18
2026-09-01,H00dle,h00dle,0.0039608294,9.53
2026-09-01,Gremlin Cartel,gremlin-cartel,0.00623742,15.01
2026-09-01,Robinhood Kitties,robinhood-kitties,0.01479228,35.59
2026-09-01,PitBoys,pitboys,0.0248707924,59.84
2026-09-01,Bulls Runners Genesis,bulls-runners-genesis,0.04005995,96.38
2026-09-01,Yardkeepers,yardkeepers,0.48999,1178.92
2026-09-01,Robinhood Punks,robinhood-punks,0.008999,21.65
2026-09-01,Rekt Tradooor,rekt-tradooor,0.045787899999,110.17
2026-09-01,ukiyo,ukiyo-rh,0.0034786776,8.37
2026-09-01,The Suits,the-suits-nft,0.007705,18.54
2026-09-01,Toadzers,toadzers,0.001237482099999999,2.98
2026-09-01,urufu gemu,urufugemu,0.0110973997,26.7
2026-09-01,DIVERGENTS,divergents,0.0012905,3.1
2026-09-01,CyberLeek Genesis,cyberleek-genesis,0.0002,0.48
2026-09-01,Black Label Birds,black-label-birds,0.001,2.41
2026-09-01,ROBO BROKERS,robo-brokers,0.001424417199999931,3.43
2026-09-01,Sherwood Outlaws,sherwood-outlaws,0.0005998,1.44
2026-09-01,WIF Outlaws,wif-outlaws,0.209999,505.26
2026-09-01,Veggie Traders,veggie-traders,0.0001497,0.36
2026-09-01,Internet Monkes,internetmonkes,0.01596,38.4
2026-09-01,Hopium Machines,hopium-machines,0.0032398,7.79
2026-09-01,Chain Mancers,chain-mancers,1.2,2887.76
2026-09-01,OnChainHoodies,rh-onchainhoodies,0.02,48.13
2026-09-01,pyopyopyopyo,pyopyopyopyo-nft,0.03,72.19
2026-09-01,H00dle,h00dle,0.003960509999999999,9.53
2026-09-01,Gremlin Cartel,gremlin-cartel,0.00623322,15
2026-09-01,Robinhood Kitties,robinhood-kitties,0.01479127,35.59
2026-09-01,PitBoys,pitboys,0.0248559904,59.82
2026-09-01,Bulls Runners Genesis,bulls-runners-genesis,0.0400476,96.37
2026-09-01,Yardkeepers,yardkeepers,0.48999,1179.15
2026-09-01,RH MACHINES,rhmachines,0.07,168.45
2026-09-01,Robinhood Punks,robinhood-punks,0.008999,21.66
2026-09-01,Rekt Tradooor,rekt-tradooor,0.0457862,110.18
2026-09-01,ukiyo,ukiyo-rh,0.0034784773,8.37
2026-09-01,The Suits,the-suits-nft,0.007705,18.54
2026-09-01,Toadzers,toadzers,0.001237281799999999,2.98
2026-09-01,urufu gemu,urufugemu,0.0110856,26.68
2026-09-01,DIVERGENTS,divergents,0.0012905,3.11
2026-09-01,CyberLeek Genesis,cyberleek-genesis,0.0002,0.48
2026-09-01,Black Label Birds,black-label-birds,0.001,2.41
2026-09-01,ROBO BROKERS,robo-brokers,0.00142111399999992,3.42
2026-09-01,Sherwood Outlaws,sherwood-outlaws,0.0005998,1.44
2026-09-01,WIF Outlaws,wif-outlaws,0.209999,505.36
2026-09-01,Veggie Traders,veggie-traders,0.0001497,0.36
2026-09-01,Internet Monkes,internetmonkes,0.01596,38.41
2026-09-01,Hopium Machines,hopium-machines,0.0032284,7.77
2026-09-01,Chain Mancers,chain-mancers,1.199,2892
2026-09-01,OnChainHoodies,rh-onchainhoodies,0.02,48.24
2026-09-01,pyopyopyopyo,pyopyopyopyo-nft,0.03,72.36
2026-09-01,H00dle,h00dle,0.0039553098,9.54
2026-09-01,Gremlin Cartel,gremlin-cartel,0.00618005,14.91
2026-09-01,Robinhood Kitties,robinhood-kitties,0.01478421,35.66
2026-09-01,PitBoys,pitboys,0.0247400646,59.67
2026-09-01,Bulls Runners Genesis,bulls-runners-genesis,0.038999999999,94.07
2026-09-01,Yardkeepers,yardkeepers,0.48999,1181.86
2026-09-01,RH MACHINES,rhmachines,0.07,168.84
2026-09-01,Robinhood Punks,robinhood-punks,0.008998,21.7
2026-09-01,Rekt Tradooor,rekt-tradooor,0.0457775,110.42
2026-09-01,ukiyo,ukiyo-rh,0.0034766754,8.39
2026-09-01,The Suits,the-suits-nft,0.007705,18.58
2026-09-01,Toadzers,toadzers,0.001227878386999979,2.96
2026-09-01,urufu gemu,urufugemu,0.0109749999,26.47
2026-09-01,DIVERGENTS,divergents,0.0015,3.62
2026-09-01,CyberLeek Genesis,cyberleek-genesis,0.0002,0.48
2026-09-01,Black Label Birds,black-label-birds,0.000999,2.41
2026-09-01,ROBO BROKERS,robo-brokers,0.001389883099999819,3.35
2026-09-01,Sherwood Outlaws,sherwood-outlaws,0.0005997,1.45
2026-09-01,WIF Outlaws,wif-outlaws,0.209999,506.52
2026-09-01,Veggie Traders,veggie-traders,0.0001497,0.36
2026-09-01,Internet Monkes,internetmonkes,0.01595987,38.5
2026-09-01,Hopium Machines,hopium-machines,0.0031867148914765,7.69
2026-09-01,Chain Mancers,chain-mancers,1.199,2890.97
2026-09-01,OnChainHoodies,rh-onchainhoodies,0.02,48.22
2026-09-01,pyopyopyopyo,pyopyopyopyo-nft,0.03,72.33
2026-09-01,H00dle,h00dle,0.00395435,9.53
2026-09-01,Gremlin Cartel,gremlin-cartel,0.0061575399,14.85
2026-09-01,Robinhood Kitties,robinhood-kitties,0.0147832,35.64
2026-09-01,PitBoys,pitboys,0.0247132571,59.59
2026-09-01,Bulls Runners Genesis,bulls-runners-genesis,0.038999999999,94.03
2026-09-01,Yardkeepers,yardkeepers,0.48999,1181.44
2026-09-01,RH MACHINES,rhmachines,0.07,168.78
2026-09-01,Robinhood Punks,robinhood-punks,0.008994,21.69
2026-09-01,Rekt Tradooor,rekt-tradooor,0.045773599999,110.37
2026-09-01,ukiyo,ukiyo-rh,0.0034760748,8.38
2026-09-01,The Suits,the-suits-nft,0.007705,18.58
2026-09-01,Toadzers,toadzers,0.001224378352999922,2.95
2026-09-01,urufu gemu,urufugemu,0.0109594,26.42
2026-09-01,DIVERGENTS,divergents,0.0021888,5.28
2026-09-01,CyberLeek Genesis,cyberleek-genesis,0.0002,0.48
2026-09-01,Black Label Birds,black-label-birds,0.000999,2.41
2026-09-01,ROBO BROKERS,robo-brokers,0.001383676799999995,3.34
2026-09-01,Sherwood Outlaws,sherwood-outlaws,0.0005998,1.45
2026-09-01,WIF Outlaws,wif-outlaws,0.209999,506.34
2026-09-01,Veggie Traders,veggie-traders,0.0001497,0.36
2026-09-01,Internet Monkes,internetmonkes,0.01595987,38.48
2026-09-01,Hopium Machines,hopium-machines,0.003185714,7.68
2026-09-02,Chain Mancers,chain-mancers,1.1989,2903.22
2026-09-02,OnChainHoodies,rh-onchainhoodies,0.02,48.43
2026-09-02,pyopyopyopyo,pyopyopyopyo-nft,0.03,72.65
2026-09-02,H00dle,h00dle,0.0039783,9.63
2026-09-02,Gremlin Cartel,gremlin-cartel,0.005978256269,14.48
2026-09-02,Robinhood Kitties,robinhood-kitties,0.01335474,32.34
2026-09-02,PitBoys,pitboys,0.0242043999,58.61
2026-09-02,Bulls Runners Genesis,bulls-runners-genesis,0.036999999995,89.6
2026-09-02,Yardkeepers,yardkeepers,0.5,1210.79
2026-09-02,RH MACHINES,rhmachines,0.0658919698,159.56
2026-09-02,Robinhood Punks,robinhood-punks,0.008499996697999996,20.58
2026-09-02,Rekt Tradooor,rekt-tradooor,0.0389728999,94.38
2026-09-02,ukiyo,ukiyo-rh,0.003396324,8.22
2026-09-02,The Suits,the-suits-nft,0.0075,18.16
2026-09-02,Toadzers,toadzers,0.0015,3.63
2026-09-02,urufu gemu,urufugemu,0.0111632,27.03
2026-09-02,DIVERGENTS,divergents,0.0021999,5.33
2026-09-02,CyberLeek Genesis,cyberleek-genesis,0.00019,0.46
2026-09-02,Black Label Birds,black-label-birds,0.0009979,2.42
2026-09-02,ROBO BROKERS,robo-brokers,0.0011,2.66
2026-09-02,Sherwood Outlaws,sherwood-outlaws,0.0005999,1.45
2026-09-02,WIF Outlaws,wif-outlaws,0.277,670.77
2026-09-02,Veggie Traders,veggie-traders,0.000244,0.59
2026-09-02,Internet Monkes,internetmonkes,0.013383599999,32.41
2026-09-02,Hopium Machines,hopium-machines,0.0029,7.02
2026-09-02,Chain Mancers,chain-mancers,1.0655,2541.37
2026-09-02,OnChainHoodies,rh-onchainhoodies,0.02,47.7
2026-09-02,pyopyopyopyo,pyopyopyopyo-nft,0.03,71.55
2026-09-02,H00dle,h00dle,0.0038,9.06
2026-09-02,Gremlin Cartel,gremlin-cartel,0.0069436999,16.56
2026-09-02,Robinhood Kitties,robinhood-kitties,0.01255821,29.95
2026-09-02,PitBoys,pitboys,0.0217309987,51.83
2026-09-02,Bulls Runners Genesis,bulls-runners-genesis,0.0354316,84.51
2026-09-02,Yardkeepers,yardkeepers,0.5,1192.57
2026-09-02,RH MACHINES,rhmachines,0.06729999,160.52
2026-09-02,Robinhood Punks,robinhood-punks,0.0055,13.12
2026-09-02,Rekt Tradooor,rekt-tradooor,0.041,97.79
2026-09-02,ukiyo,ukiyo-rh,0.0033043718,7.88
2026-09-02,The Suits,the-suits-nft,0.007099599999989999,16.93
2026-09-02,Toadzers,toadzers,0.0013399994,3.2
2026-09-02,urufu gemu,urufugemu,0.010596899999,25.28
2026-09-02,DIVERGENTS,divergents,0.001665099999999999,3.97
2026-09-02,CyberLeek Genesis,cyberleek-genesis,0.00019,0.45
2026-09-02,Black Label Birds,black-label-birds,0.00089,2.12
2026-09-02,ROBO BROKERS,robo-brokers,0.0014,3.34
2026-09-02,Sherwood Outlaws,sherwood-outlaws,0.00062,1.48
2026-09-02,WIF Outlaws,wif-outlaws,0.26,620.14
2026-09-02,Internet Monkes,internetmonkes,0.014170100000000001,33.8
2026-09-02,Hopium Machines,hopium-machines,0.00229760091855,5.48
2026-09-02,Chain Mancers,chain-mancers,1.0513,2507.75
2026-09-02,OnChainHoodies,rh-onchainhoodies,0.02,47.71
2026-09-02,pyopyopyopyo,pyopyopyopyo-nft,0.03,71.56
2026-09-02,H00dle,h00dle,0.0037,8.83
2026-09-02,Gremlin Cartel,gremlin-cartel,0.0068622589,16.37
2026-09-02,Robinhood Kitties,robinhood-kitties,0.01190711,28.4
2026-09-02,PitBoys,pitboys,0.0217309966,51.84
2026-09-02,Bulls Runners Genesis,bulls-runners-genesis,0.0353532,84.33
2026-09-02,Yardkeepers,yardkeepers,0.5,1192.69
2026-09-02,RH MACHINES,rhmachines,0.0645344,153.94
2026-09-02,Robinhood Punks,robinhood-punks,0.00708619986099987,16.9
2026-09-02,Rekt Tradooor,rekt-tradooor,0.0399999999,95.42
2026-09-02,ukiyo,ukiyo-rh,0.0033399,7.97
2026-09-02,The Suits,the-suits-nft,0.006847199999999999,16.33
2026-09-02,Toadzers,toadzers,0.001330495555999927,3.17
2026-09-02,DIVERGENTS,divergents,0.0016044,3.83
2026-09-02,Black Label Birds,black-label-birds,0.00089,2.12
2026-09-02,ROBO BROKERS,robo-brokers,0.001384795499999997,3.3
2026-09-02,Sherwood Outlaws,sherwood-outlaws,0.00061,1.46
2026-09-02,WIF Outlaws,wif-outlaws,0.26,620.2
2026-09-02,Internet Monkes,internetmonkes,0.014107100000000001,33.65
2026-09-02,Hopium Machines,hopium-machines,0.0026702999,6.37
2026-09-02,Chain Mancers,chain-mancers,0.99979999,2386.78
2026-09-02,OnChainHoodies,rh-onchainhoodies,0.02,47.75
2026-09-02,pyopyopyopyo,pyopyopyopyo-nft,0.03,71.62
2026-09-02,H00dle,h00dle,0.003799,9.07
2026-09-02,Gremlin Cartel,gremlin-cartel,0.006965,16.63
2026-09-02,Robinhood Kitties,robinhood-kitties,0.0118098,28.19
2026-09-02,PitBoys,pitboys,0.0195556702,46.68
2026-09-02,Bulls Runners Genesis,bulls-runners-genesis,0.0351936,84.02
2026-09-02,Yardkeepers,yardkeepers,0.5,1193.63
2026-09-02,RH MACHINES,rhmachines,0.0857,204.59
2026-09-02,Robinhood Punks,robinhood-punks,0.005899789095999998,14.08
2026-09-02,Rekt Tradooor,rekt-tradooor,0.0398,95.01
2026-09-02,ukiyo,ukiyo-rh,0.0033397,7.97
2026-09-02,The Suits,the-suits-nft,0.0074999,17.9
2026-09-02,Toadzers,toadzers,0.0013099,3.13
2026-09-02,urufu gemu,urufugemu,0.010337099999,24.68
2026-09-02,DIVERGENTS,divergents,0.0013281,3.17
2026-09-02,CyberLeek Genesis,cyberleek-genesis,0.00019,0.45
2026-09-02,Black Label Birds,black-label-birds,0.00088,2.1
2026-09-02,ROBO BROKERS,robo-brokers,0.0011999986,2.86
2026-09-02,Sherwood Outlaws,sherwood-outlaws,0.00061,1.46
2026-09-02,WIF Outlaws,wif-outlaws,0.255,608.75
2026-09-02,Internet Monkes,internetmonkes,0.01418580355,33.87
2026-09-02,Hopium Machines,hopium-machines,0.00288,6.88
2026-09-02,Chain Mancers,chain-mancers,0.9,2159.95
2026-09-02,OnChainHoodies,rh-onchainhoodies,0.02,48
2026-09-02,pyopyopyopyo,pyopyopyopyo-nft,0.03,72
2026-09-02,H00dle,h00dle,0.00379899,9.12
2026-09-02,Gremlin Cartel,gremlin-cartel,0.006965,16.72
2026-09-02,Robinhood Kitties,robinhood-kitties,0.0117428,28.18
2026-09-02,PitBoys,pitboys,0.0176607575,42.38
2026-09-02,Bulls Runners Genesis,bulls-runners-genesis,0.0340609,81.74
2026-09-02,Yardkeepers,yardkeepers,0.5,1199.97
2026-09-02,RH MACHINES,rhmachines,0.0749999,180
2026-09-02,Robinhood Punks,robinhood-punks,0.005809975198,13.94
2026-09-02,Rekt Tradooor,rekt-tradooor,0.0397899999,95.49
2026-09-02,ukiyo,ukiyo-rh,0.0033397,8.02
2026-09-02,The Suits,the-suits-nft,0.0074999,18
2026-09-02,Toadzers,toadzers,0.0013099,3.14
2026-09-02,urufu gemu,urufugemu,0.0102396,24.57
2026-09-02,DIVERGENTS,divergents,0.0015112,3.63
2026-09-02,CyberLeek Genesis,cyberleek-genesis,0.00019,0.46
2026-09-02,Black Label Birds,black-label-birds,0.00088,2.11
2026-09-02,ROBO BROKERS,robo-brokers,0.001192183499999999,2.86
2026-09-02,Sherwood Outlaws,sherwood-outlaws,0.00061,1.46
2026-09-02,WIF Outlaws,wif-outlaws,0.2519999,604.78
2026-09-02,Internet Monkes,internetmonkes,0.01399,33.58
2026-09-02,Hopium Machines,hopium-machines,0.0028899,6.94
2026-09-02,Chain Mancers,chain-mancers,0.86999999,2066.77
2026-09-02,OnChainHoodies,rh-onchainhoodies,0.02,47.51
2026-09-02,pyopyopyopyo,pyopyopyopyo-nft,0.03,71.27
2026-09-02,H00dle,h00dle,0.00379833,9.02
2026-09-02,Gremlin Cartel,gremlin-cartel,0.006930175,16.46
2026-09-02,Robinhood Kitties,robinhood-kitties,0.0111651,26.52
2026-09-02,PitBoys,pitboys,0.0215852,51.28
2026-09-02,Bulls Runners Genesis,bulls-runners-genesis,0.0339385,80.62
2026-09-02,Yardkeepers,yardkeepers,0.5,1187.8
2026-09-02,RH MACHINES,rhmachines,0.068992,163.9
2026-09-02,Robinhood Punks,robinhood-punks,0.005707264089999989,13.56
2026-09-02,Rekt Tradooor,rekt-tradooor,0.038,90.27
2026-09-02,ukiyo,ukiyo-rh,0.0033397,7.93
2026-09-02,The Suits,the-suits-nft,0.0075,17.82
2026-09-02,Toadzers,toadzers,0.0013099,3.11
2026-09-02,urufu gemu,urufugemu,0.010155,24.12
2026-09-02,DIVERGENTS,divergents,0.0014035,3.33
2026-09-02,CyberLeek Genesis,cyberleek-genesis,0.00019,0.45
2026-09-02,Black Label Birds,black-label-birds,0.0008899,2.11
2026-09-02,ROBO BROKERS,robo-brokers,0.001164959699999977,2.77
2026-09-02,Sherwood Outlaws,sherwood-outlaws,0.0006,1.43
2026-09-02,WIF Outlaws,wif-outlaws,0.2399999,570.14
2026-09-02,Internet Monkes,internetmonkes,0.0132,31.36
2026-09-02,Hopium Machines,hopium-machines,0.0027726,6.59
2026-09-04,Chain Mancers,chain-mancers,0.95,2402.61
2026-09-04,OnChainHoodies,rh-onchainhoodies,0.02,50.58
2026-09-04,pyopyopyopyo,pyopyopyopyo-nft,0.03,75.87
2026-09-04,H00dle,h00dle,0.0031846999,8.05
2026-09-04,Gremlin Cartel,gremlin-cartel,0.00629346,15.92
2026-09-04,Robinhood Kitties,robinhood-kitties,0.01479997,37.43
2026-09-04,PitBoys,pitboys,0.0167496,42.36
2026-09-04,Bulls Runners Genesis,bulls-runners-genesis,0.015499899999,39.2
2026-09-04,Yardkeepers,yardkeepers,0.575,1454.21
2026-09-04,RH MACHINES,rhmachines,0.046869,118.53
2026-09-04,Robinhood Punks,robinhood-punks,0.0047973,12.13
2026-09-04,Rekt Tradooor,rekt-tradooor,0.05,126.45
2026-09-04,ukiyo,ukiyo-rh,0.0029399,7.44
2026-09-04,The Suits,the-suits-nft,0.0057998,14.67
2026-09-04,Toadzers,toadzers,0.0012699999891,3.21
2026-09-04,urufu gemu,urufugemu,0.0104882999,26.53
2026-09-04,DIVERGENTS,divergents,0.0011939,3.02
2026-09-04,CyberLeek Genesis,cyberleek-genesis,0.000189999,0.48
2026-09-04,Black Label Birds,black-label-birds,0.000888389998,2.25
2026-09-04,ROBO BROKERS,robo-brokers,0.0010394,2.63
2026-09-04,Sherwood Outlaws,sherwood-outlaws,0.0002899,0.73
2026-09-04,WIF Outlaws,wif-outlaws,0.21,531.1
2026-09-04,Internet Monkes,internetmonkes,0.0185324,46.87
2026-09-04,Hopium Machines,hopium-machines,0.0021636,5.47
2026-09-04,Chain Mancers,chain-mancers,1.0383,2619.93
2026-09-04,OnChainHoodies,rh-onchainhoodies,0.02,50.47
2026-09-04,pyopyopyopyo,pyopyopyopyo-nft,0.03,75.7
2026-09-04,H00dle,h00dle,0.003192,8.05
2026-09-04,Gremlin Cartel,gremlin-cartel,0.00629281,15.88
2026-09-04,Robinhood Kitties,robinhood-kitties,0.01479997,37.34
2026-09-04,PitBoys,pitboys,0.0162979999,41.12
2026-09-04,Bulls Runners Genesis,bulls-runners-genesis,0.0227784,57.48
2026-09-04,Yardkeepers,yardkeepers,0.575,1450.89
2026-09-04,RH MACHINES,rhmachines,0.0409997,103.45
2026-09-04,Robinhood Punks,robinhood-punks,0.0047089,11.88
2026-09-04,Rekt Tradooor,rekt-tradooor,0.0498999,125.91
2026-09-04,ukiyo,ukiyo-rh,0.0029324922,7.4
2026-09-04,The Suits,the-suits-nft,0.0057949,14.62
2026-09-04,Toadzers,toadzers,0.0012699999971,3.2
2026-09-04,urufu gemu,urufugemu,0.010319,26.04
2026-09-04,DIVERGENTS,divergents,0.0011823,2.98
2026-09-04,CyberLeek Genesis,cyberleek-genesis,0.000189999,0.48
2026-09-04,Black Label Birds,black-label-birds,0.000888389998,2.24
2026-09-04,ROBO BROKERS,robo-brokers,0.0011863,2.99
2026-09-04,Sherwood Outlaws,sherwood-outlaws,0.0002899,0.73
2026-09-04,WIF Outlaws,wif-outlaws,0.21,529.89
2026-09-04,Internet Monkes,internetmonkes,0.0192360097,48.54
2026-09-04,Hopium Machines,hopium-machines,0.0020777,5.24
2026-09-04,Chain Mancers,chain-mancers,1.0261,2587.63
2026-09-04,OnChainHoodies,rh-onchainhoodies,0.02,50.44
2026-09-04,pyopyopyopyo,pyopyopyopyo-nft,0.03,75.65
2026-09-04,H00dle,h00dle,0.003192,8.05
2026-09-04,Gremlin Cartel,gremlin-cartel,0.00629222,15.87
2026-09-04,Robinhood Kitties,robinhood-kitties,0.01479997,37.32
2026-09-04,PitBoys,pitboys,0.015705199,39.61
2026-09-04,Bulls Runners Genesis,bulls-runners-genesis,0.022364899999,56.4
2026-09-04,Yardkeepers,yardkeepers,0.515,1298.73
2026-09-04,RH MACHINES,rhmachines,0.03999999,100.87
2026-09-04,Robinhood Punks,robinhood-punks,0.0046521,11.73
2026-09-04,Rekt Tradooor,rekt-tradooor,0.0497567999,125.48
2026-09-04,ukiyo,ukiyo-rh,0.0029398,7.41
2026-09-04,The Suits,the-suits-nft,0.0057949,14.61
2026-09-04,Toadzers,toadzers,0.0012699999911,3.2
2026-09-04,urufu gemu,urufugemu,0.010158,25.62
2026-09-04,DIVERGENTS,divergents,0.001,2.52
2026-09-04,CyberLeek Genesis,cyberleek-genesis,0.000189999,0.48
2026-09-04,Black Label Birds,black-label-birds,0.000888389998,2.24
2026-09-04,ROBO BROKERS,robo-brokers,0.00094237408299997,2.38
2026-09-04,Sherwood Outlaws,sherwood-outlaws,0.0002899,0.73
2026-09-04,WIF Outlaws,wif-outlaws,0.21,529.58
2026-09-04,Internet Monkes,internetmonkes,0.0179,45.14
2026-09-04,Hopium Machines,hopium-machines,0.001759199899999999,4.44
2026-09-05,Chain Mancers,chain-mancers,0.72399999,1778.59
2026-09-05,OnChainHoodies,rh-onchainhoodies,0.02,49.13
2026-09-05,pyopyopyopyo,pyopyopyopyo-nft,0.03,73.7
2026-09-05,H00dle,h00dle,0.0034,8.35
2026-09-05,Gremlin Cartel,gremlin-cartel,0.0062489,15.35
2026-09-05,Robinhood Kitties,robinhood-kitties,0.017792,43.71
2026-09-05,PitBoys,pitboys,0.0144606999,35.52
2026-09-05,Bulls Runners Genesis,bulls-runners-genesis,0.0160184,39.35
2026-09-05,Yardkeepers,yardkeepers,0.437,1073.54
2026-09-05,RH MACHINES,rhmachines,0.0448550999,110.19
2026-09-05,Robinhood Punks,robinhood-punks,0.0053988,13.26
2026-09-05,Rekt Tradooor,rekt-tradooor,0.0475934,116.92
2026-09-05,ukiyo,ukiyo-rh,0.0032967,8.1
2026-09-05,The Suits,the-suits-nft,0.0047635,11.7
2026-09-05,Toadzers,toadzers,0.0007139999,1.75
2026-09-05,urufu gemu,urufugemu,0.008241199999,20.25
2026-09-05,DIVERGENTS,divergents,0.0013313,3.27
2026-09-05,CyberLeek Genesis,cyberleek-genesis,0.000189999,0.47
2026-09-05,Black Label Birds,black-label-birds,0.0008563,2.1
2026-09-05,ROBO BROKERS,robo-brokers,0.0010798,2.65
2026-09-05,Sherwood Outlaws,sherwood-outlaws,0.00028,0.69
2026-09-05,WIF Outlaws,wif-outlaws,0.2099999,515.89
2026-09-05,Internet Monkes,internetmonkes,0.02749998,67.56
2026-09-05,Hopium Machines,hopium-machines,0.001849,4.54
2026-09-05,Chain Mancers,chain-mancers,0.8053,1979.94
2026-09-05,OnChainHoodies,rh-onchainhoodies,0.02,49.17
2026-09-05,pyopyopyopyo,pyopyopyopyo-nft,0.03,73.76
2026-09-05,H00dle,h00dle,0.0034,8.36
2026-09-05,Gremlin Cartel,gremlin-cartel,0.0062489,15.36
2026-09-05,Robinhood Kitties,robinhood-kitties,0.017792,43.74
2026-09-05,PitBoys,pitboys,0.014334,35.24
2026-09-05,Bulls Runners Genesis,bulls-runners-genesis,0.015877,39.04
2026-09-05,Yardkeepers,yardkeepers,0.437,1074.43
2026-09-05,RH MACHINES,rhmachines,0.0447227,109.96
2026-09-05,Robinhood Punks,robinhood-punks,0.0053988,13.27
2026-09-05,Rekt Tradooor,rekt-tradooor,0.0475934,117.02
2026-09-05,ukiyo,ukiyo-rh,0.0032967,8.11
2026-09-05,The Suits,the-suits-nft,0.0047372,11.65
2026-09-05,Toadzers,toadzers,0.000707999597,1.74
2026-09-05,urufu gemu,urufugemu,0.0082393398,20.26
2026-09-05,DIVERGENTS,divergents,0.001683099998,4.14
2026-09-05,CyberLeek Genesis,cyberleek-genesis,0.000189999,0.47
2026-09-05,Black Label Birds,black-label-birds,0.0008529,2.1
2026-09-05,ROBO BROKERS,robo-brokers,0.0009963998,2.45
2026-09-05,Sherwood Outlaws,sherwood-outlaws,0.00028,0.69
2026-09-05,WIF Outlaws,wif-outlaws,0.2099999,516.31
2026-09-05,Internet Monkes,internetmonkes,0.026,63.92
2026-09-05,Hopium Machines,hopium-machines,0.00189,4.65
2026-09-05,Chain Mancers,chain-mancers,0.7945,1962.74
2026-09-05,OnChainHoodies,rh-onchainhoodies,0.02,49.41
2026-09-05,pyopyopyopyo,pyopyopyopyo-nft,0.03,74.11
2026-09-05,H00dle,h00dle,0.003398,8.39
2026-09-05,Gremlin Cartel,gremlin-cartel,0.0062489,15.44
2026-09-05,Robinhood Kitties,robinhood-kitties,0.014194,35.06
2026-09-05,PitBoys,pitboys,0.0142146999,35.12
2026-09-05,Bulls Runners Genesis,bulls-runners-genesis,0.0158122,39.06
2026-09-05,Yardkeepers,yardkeepers,0.437,1079.57
2026-09-05,RH MACHINES,rhmachines,0.0445737,110.12
2026-09-05,Robinhood Punks,robinhood-punks,0.0053988,13.34
2026-09-05,Rekt Tradooor,rekt-tradooor,0.0474092,117.12
2026-09-05,ukiyo,ukiyo-rh,0.0032967,8.14
2026-09-05,The Suits,the-suits-nft,0.004728,11.68
2026-09-05,Toadzers,toadzers,0.000701999999,1.73
2026-09-05,urufu gemu,urufugemu,0.008237359798999998,20.35
2026-09-05,DIVERGENTS,divergents,0.001625799997,4.02
2026-09-05,CyberLeek Genesis,cyberleek-genesis,0.000189999,0.47
2026-09-05,Black Label Birds,black-label-birds,0.0008529,2.11
2026-09-05,ROBO BROKERS,robo-brokers,0.000966999799,2.39
2026-09-05,Sherwood Outlaws,sherwood-outlaws,0.0002899,0.72
2026-09-05,WIF Outlaws,wif-outlaws,0.1989999,491.61
2026-09-05,Internet Monkes,internetmonkes,0.0265,65.47
2026-09-05,Hopium Machines,hopium-machines,0.0018215,4.5
2026-09-05,Chain Mancers,chain-mancers,0.7849,1945.7
2026-09-05,OnChainHoodies,rh-onchainhoodies,0.02,49.58
2026-09-05,pyopyopyopyo,pyopyopyopyo-nft,0.03,74.37
2026-09-05,H00dle,h00dle,0.003349,8.3
2026-09-05,Gremlin Cartel,gremlin-cartel,0.0062489,15.49
2026-09-05,Robinhood Kitties,robinhood-kitties,0.014194,35.19
2026-09-05,PitBoys,pitboys,0.0140619,34.86
2026-09-05,Bulls Runners Genesis,bulls-runners-genesis,0.0171315,42.47
2026-09-05,Yardkeepers,yardkeepers,0.437,1083.28
2026-09-05,RH MACHINES,rhmachines,0.0444173,110.11
2026-09-05,Robinhood Punks,robinhood-punks,0.0063983,15.86
2026-09-05,Rekt Tradooor,rekt-tradooor,0.0472542999,117.14
2026-09-05,ukiyo,ukiyo-rh,0.0032967,8.17
2026-09-05,The Suits,the-suits-nft,0.0047191,11.7
2026-09-05,Toadzers,toadzers,0.000696,1.73
2026-09-05,urufu gemu,urufugemu,0.008235539699,20.42
2026-09-05,DIVERGENTS,divergents,0.001568599999,3.89
2026-09-05,CyberLeek Genesis,cyberleek-genesis,0.000189999,0.47
2026-09-05,Black Label Birds,black-label-birds,0.000857,2.12
2026-09-05,ROBO BROKERS,robo-brokers,0.0009543,2.37
2026-09-05,Sherwood Outlaws,sherwood-outlaws,0.0002899,0.72
2026-09-05,WIF Outlaws,wif-outlaws,0.1989999,493.3
2026-09-05,Internet Monkes,internetmonkes,0.0265,65.69
2026-09-05,Hopium Machines,hopium-machines,0.001556199694999992,3.86
2026-09-05,Chain Mancers,chain-mancers,0.7737,1916.22
2026-09-05,OnChainHoodies,rh-onchainhoodies,0.02,49.53
2026-09-05,pyopyopyopyo,pyopyopyopyo-nft,0.03,74.3
2026-09-05,H00dle,h00dle,0.0032,7.93
2026-09-05,Gremlin Cartel,gremlin-cartel,0.0062488,15.48
2026-09-05,Robinhood Kitties,robinhood-kitties,0.0141,34.92
2026-09-05,PitBoys,pitboys,0.0143769994,35.61
2026-09-05,Bulls Runners Genesis,bulls-runners-genesis,0.017011899799,42.13
2026-09-05,Yardkeepers,yardkeepers,0.437,1082.32
2026-09-05,RH MACHINES,rhmachines,0.039765,98.49
2026-09-05,Robinhood Punks,robinhood-punks,0.0056,13.87
2026-09-05,Rekt Tradooor,rekt-tradooor,0.0472510999,117.03
2026-09-05,ukiyo,ukiyo-rh,0.0032967,8.16
2026-09-05,The Suits,the-suits-nft,0.00471,11.67
2026-09-05,Toadzers,toadzers,0.000689999999,1.71
2026-09-05,urufu gemu,urufugemu,0.0081478994,20.18
2026-09-05,DIVERGENTS,divergents,0.001412199996999997,3.5
2026-09-05,CyberLeek Genesis,cyberleek-genesis,0.000189999,0.47
2026-09-05,Black Label Birds,black-label-birds,0.0008529,2.11
2026-09-05,ROBO BROKERS,robo-brokers,0.0009495,2.35
2026-09-05,Sherwood Outlaws,sherwood-outlaws,0.00027899999,0.69
2026-09-05,WIF Outlaws,wif-outlaws,0.1989999,492.86
2026-09-05,Internet Monkes,internetmonkes,0.0245885,60.9
2026-09-05,Hopium Machines,hopium-machines,0.001466996,3.63
2026-09-05,Chain Mancers,chain-mancers,0.7633,1889.25
2026-09-05,OnChainHoodies,rh-onchainhoodies,0.02,49.5
2026-09-05,pyopyopyopyo,pyopyopyopyo-nft,0.03,74.25
2026-09-05,H00dle,h00dle,0.0031999,7.92
2026-09-05,Gremlin Cartel,gremlin-cartel,0.0062489,15.47
2026-09-05,Robinhood Kitties,robinhood-kitties,0.0141,34.9
2026-09-05,PitBoys,pitboys,0.0141458961,35.01
2026-09-05,Bulls Runners Genesis,bulls-runners-genesis,0.0168342,41.67
2026-09-05,Yardkeepers,yardkeepers,0.3,742.53
2026-09-05,RH MACHINES,rhmachines,0.034,84.15
2026-09-05,Robinhood Punks,robinhood-punks,0.006025099999,14.91
2026-09-05,Rekt Tradooor,rekt-tradooor,0.0468953999,116.07
2026-09-05,ukiyo,ukiyo-rh,0.0032913,8.15
2026-09-05,The Suits,the-suits-nft,0.0047009,11.64
2026-09-05,Toadzers,toadzers,0.000684,1.69
2026-09-05,urufu gemu,urufugemu,0.008146319799,20.16
2026-09-05,DIVERGENTS,divergents,0.001255799997999999,3.11
2026-09-05,CyberLeek Genesis,cyberleek-genesis,0.000189999,0.47
2026-09-05,Black Label Birds,black-label-birds,0.0008438,2.09
2026-09-05,ROBO BROKERS,robo-brokers,0.0009492,2.35
2026-09-05,Sherwood Outlaws,sherwood-outlaws,0.00027899999,0.69
2026-09-05,WIF Outlaws,wif-outlaws,0.1988549999,492.19
2026-09-05,Internet Monkes,internetmonkes,0.02176422,53.87
2026-09-05,Hopium Machines,hopium-machines,0.001397974798,3.46
2026-09-05,Chain Mancers,chain-mancers,0.7519,1863.85
2026-09-05,OnChainHoodies,rh-onchainhoodies,0.02,49.58
2026-09-05,pyopyopyopyo,pyopyopyopyo-nft,0.03,74.37
2026-09-05,H00dle,h00dle,0.0031999,7.93
2026-09-05,Gremlin Cartel,gremlin-cartel,0.0062489,15.49
2026-09-05,Robinhood Kitties,robinhood-kitties,0.0141,34.95
2026-09-05,PitBoys,pitboys,0.0139146,34.49
2026-09-05,Bulls Runners Genesis,bulls-runners-genesis,0.0167288,41.47
2026-09-05,Yardkeepers,yardkeepers,0.3,743.66
2026-09-05,RH MACHINES,rhmachines,0.0378424999,93.81
2026-09-05,Robinhood Punks,robinhood-punks,0.005975699999,14.81
2026-09-05,Rekt Tradooor,rekt-tradooor,0.0468783999,116.2
2026-09-05,ukiyo,ukiyo-rh,0.0032833999,8.14
2026-09-05,The Suits,the-suits-nft,0.0045515,11.28
2026-09-05,Toadzers,toadzers,0.0007909,1.96
2026-09-05,urufu gemu,urufugemu,0.00814484,20.19
2026-09-05,DIVERGENTS,divergents,0.0009,2.23
2026-09-05,CyberLeek Genesis,cyberleek-genesis,0.000189999,0.47
2026-09-05,Black Label Birds,black-label-birds,0.0008352,2.07
2026-09-05,ROBO BROKERS,robo-brokers,0.0009256,2.29
2026-09-05,Sherwood Outlaws,sherwood-outlaws,0.0002899,0.72
2026-09-05,WIF Outlaws,wif-outlaws,0.1986916,492.53
2026-09-05,Internet Monkes,internetmonkes,0.01987086,49.26
2026-09-05,Hopium Machines,hopium-machines,0.001271281453999109,3.15
2026-09-05,Chain Mancers,chain-mancers,0.8095,2015.92
2026-09-05,OnChainHoodies,rh-onchainhoodies,0.02,49.81
2026-09-05,pyopyopyopyo,pyopyopyopyo-nft,0.03,74.71
2026-09-05,H00dle,h00dle,0.00319989,7.97
2026-09-05,Gremlin Cartel,gremlin-cartel,0.0062489,15.56
2026-09-05,Robinhood Kitties,robinhood-kitties,0.014,34.86
2026-09-05,PitBoys,pitboys,0.0136888,34.09
2026-09-05,Bulls Runners Genesis,bulls-runners-genesis,0.0166292946,41.41
2026-09-05,Yardkeepers,yardkeepers,0.437,1088.27
2026-09-05,RH MACHINES,rhmachines,0.0419917,104.57
2026-09-05,Robinhood Punks,robinhood-punks,0.005930399999,14.77
2026-09-05,Rekt Tradooor,rekt-tradooor,0.0459999,114.55
2026-09-05,ukiyo,ukiyo-rh,0.0032702,8.14
2026-09-05,The Suits,the-suits-nft,0.0042588,10.61
2026-09-05,Toadzers,toadzers,0.0007797,1.94
2026-09-05,urufu gemu,urufugemu,0.008143319998,20.28
2026-09-05,DIVERGENTS,divergents,0.0008999,2.24
2026-09-05,CyberLeek Genesis,cyberleek-genesis,0.000189999,0.47
2026-09-05,Black Label Birds,black-label-birds,0.0008353,2.08
2026-09-05,ROBO BROKERS,robo-brokers,0.0009077,2.26
2026-09-05,Sherwood Outlaws,sherwood-outlaws,0.0002899,0.72
2026-09-05,WIF Outlaws,wif-outlaws,0.1985533999,494.46
2026-09-05,Internet Monkes,internetmonkes,0.0211,52.55
2026-09-05,Hopium Machines,hopium-machines,0.0011,2.74
2026-09-05,Chain Mancers,chain-mancers,0.7981,1979.29
2026-09-05,OnChainHoodies,rh-onchainhoodies,0.02,49.6
2026-09-05,pyopyopyopyo,pyopyopyopyo-nft,0.03,74.4
2026-09-05,H00dle,h00dle,0.00319989,7.94
2026-09-05,Gremlin Cartel,gremlin-cartel,0.0062489,15.5
2026-09-05,Robinhood Kitties,robinhood-kitties,0.014,34.72
2026-09-05,PitBoys,pitboys,0.0143943999,35.7
2026-09-05,Bulls Runners Genesis,bulls-runners-genesis,0.016629278999,41.24
2026-09-05,Yardkeepers,yardkeepers,0.437,1083.76
2026-09-05,RH MACHINES,rhmachines,0.0419997,104.16
2026-09-05,Robinhood Punks,robinhood-punks,0.006499987799,16.12
2026-09-05,Rekt Tradooor,rekt-tradooor,0.0459995,114.08
2026-09-05,ukiyo,ukiyo-rh,0.0032571,8.08
2026-09-05,The Suits,the-suits-nft,0.0040437,10.03
2026-09-05,Toadzers,toadzers,0.0007945,1.97
2026-09-05,urufu gemu,urufugemu,0.008142019998999998,20.19
2026-09-05,DIVERGENTS,divergents,0.0011226,2.78
2026-09-05,CyberLeek Genesis,cyberleek-genesis,0.000189999,0.47
2026-09-05,Black Label Birds,black-label-birds,0.0008571,2.13
2026-09-05,ROBO BROKERS,robo-brokers,0.0009365,2.32
2026-09-05,Sherwood Outlaws,sherwood-outlaws,0.0002899,0.72
2026-09-05,WIF Outlaws,wif-outlaws,0.1988231,493.08
2026-09-05,Internet Monkes,internetmonkes,0.027,66.96
2026-09-05,Hopium Machines,hopium-machines,0.001083997897999995,2.69
2026-09-05,Chain Mancers,chain-mancers,0.7483,1857
2026-09-05,OnChainHoodies,rh-onchainhoodies,0.02,49.63
2026-09-05,pyopyopyopyo,pyopyopyopyo-nft,0.03,74.45
2026-09-05,H00dle,h00dle,0.0031999,7.94
2026-09-05,Gremlin Cartel,gremlin-cartel,0.0062489,15.51
2026-09-05,Robinhood Kitties,robinhood-kitties,0.014,34.74
2026-09-05,PitBoys,pitboys,0.0143943,35.72
2026-09-05,Bulls Runners Genesis,bulls-runners-genesis,0.0166292688,41.27
2026-09-05,Yardkeepers,yardkeepers,0.437,1084.47
2026-09-05,RH MACHINES,rhmachines,0.0418975,103.97
2026-09-05,Robinhood Punks,robinhood-punks,0.006499954999,16.13
2026-09-05,Rekt Tradooor,rekt-tradooor,0.0459991,114.15
2026-09-05,ukiyo,ukiyo-rh,0.0032448,8.05
2026-09-05,The Suits,the-suits-nft,0.0041585,10.32
2026-09-05,Toadzers,toadzers,0.0007809,1.94
2026-09-05,urufu gemu,urufugemu,0.008140759898,20.2
2026-09-05,DIVERGENTS,divergents,0.0011224,2.79
2026-09-05,CyberLeek Genesis,cyberleek-genesis,0.000189999,0.47
2026-09-05,Black Label Birds,black-label-birds,0.0008529,2.12
2026-09-05,ROBO BROKERS,robo-brokers,0.0009203,2.28
2026-09-05,Sherwood Outlaws,sherwood-outlaws,0.0002899,0.72
2026-09-05,WIF Outlaws,wif-outlaws,0.1988231,493.41
2026-09-05,Internet Monkes,internetmonkes,0.02602,64.57
2026-09-05,Hopium Machines,hopium-machines,0.000909847,2.26
2026-09-06,Chain Mancers,chain-mancers,0.7377,1836.82
2026-09-06,OnChainHoodies,rh-onchainhoodies,0.02,49.8
2026-09-06,pyopyopyopyo,pyopyopyopyo-nft,0.03,74.7
2026-09-06,H00dle,h00dle,0.0031999,7.97
2026-09-06,Gremlin Cartel,gremlin-cartel,0.0062489,15.56
2026-09-06,Robinhood Kitties,robinhood-kitties,0.014,34.86
2026-09-06,PitBoys,pitboys,0.0143943999,35.84
2026-09-06,Bulls Runners Genesis,bulls-runners-genesis,0.0166292517,41.41
2026-09-06,Yardkeepers,yardkeepers,0.437,1088.1
2026-09-06,RH MACHINES,rhmachines,0.0416083,103.6
2026-09-06,Robinhood Punks,robinhood-punks,0.006447799999,16.05
2026-09-06,Rekt Tradooor,rekt-tradooor,0.0459999,114.54
2026-09-06,ukiyo,ukiyo-rh,0.0032318,8.05
2026-09-06,The Suits,the-suits-nft,0.004047299999999998,10.08
2026-09-06,Toadzers,toadzers,0.0007959,1.98
2026-09-06,urufu gemu,urufugemu,0.00813902,20.27
2026-09-06,DIVERGENTS,divergents,0.0011224,2.79
2026-09-06,CyberLeek Genesis,cyberleek-genesis,0.000189999,0.47
2026-09-06,Black Label Birds,black-label-birds,0.0008529,2.12
2026-09-06,ROBO BROKERS,robo-brokers,0.000930099999,2.32
2026-09-06,Sherwood Outlaws,sherwood-outlaws,0.0002899,0.72
2026-09-06,WIF Outlaws,wif-outlaws,0.1988231,495.06
2026-09-06,Internet Monkes,internetmonkes,0.02602,64.79
2026-09-06,Hopium Machines,hopium-machines,0.000899999999,2.24
2026-09-06,Chain Mancers,chain-mancers,0.7267,1819.76
2026-09-06,OnChainHoodies,rh-onchainhoodies,0.02,50.08
2026-09-06,pyopyopyopyo,pyopyopyopyo-nft,0.03,75.12
2026-09-06,H00dle,h00dle,0.0035894,8.99
2026-09-06,Gremlin Cartel,gremlin-cartel,0.006249,15.65
2026-09-06,Robinhood Kitties,robinhood-kitties,0.014,35.06
2026-09-06,PitBoys,pitboys,0.0143943999,36.05
2026-09-06,Bulls Runners Genesis,bulls-runners-genesis,0.0166292457,41.64
2026-09-06,Yardkeepers,yardkeepers,0.435,1089.3
2026-09-06,RH MACHINES,rhmachines,0.0409299,102.49
2026-09-06,Robinhood Punks,robinhood-punks,0.0061775,15.47
2026-09-06,Rekt Tradooor,rekt-tradooor,0.0459995,115.19
2026-09-06,ukiyo,ukiyo-rh,0.0032165,8.05
2026-09-06,The Suits,the-suits-nft,0.0041657,10.43
2026-09-06,Toadzers,toadzers,0.0007822,1.96
2026-09-06,urufu gemu,urufugemu,0.008137755598999997,20.38
2026-09-06,DIVERGENTS,divergents,0.0011219,2.81
2026-09-06,CyberLeek Genesis,cyberleek-genesis,0.000189999,0.48
2026-09-06,Black Label Birds,black-label-birds,0.0008529,2.14
2026-09-06,ROBO BROKERS,robo-brokers,0.0007327,1.83
2026-09-06,Sherwood Outlaws,sherwood-outlaws,0.0002899,0.73
2026-09-06,WIF Outlaws,wif-outlaws,0.1988231,497.88
2026-09-06,Internet Monkes,internetmonkes,0.02602,65.16
2026-09-06,Hopium Machines,hopium-machines,0.001460661482,3.66
2026-09-06,Chain Mancers,chain-mancers,0.8093,2024.42
2026-09-06,OnChainHoodies,rh-onchainhoodies,0.02,50.03
2026-09-06,pyopyopyopyo,pyopyopyopyo-nft,0.03,75.04
2026-09-06,H00dle,h00dle,0.003596399998,9
2026-09-06,Gremlin Cartel,gremlin-cartel,0.006249,15.63
2026-09-06,Robinhood Kitties,robinhood-kitties,0.014,35.02
2026-09-06,PitBoys,pitboys,0.0143711,35.95
2026-09-06,Bulls Runners Genesis,bulls-runners-genesis,0.0166292377,41.6
2026-09-06,Yardkeepers,yardkeepers,0.435,1088.13
2026-09-06,RH MACHINES,rhmachines,0.0407316,101.89
2026-09-06,Robinhood Punks,robinhood-punks,0.0057365,14.35
2026-09-06,Rekt Tradooor,rekt-tradooor,0.0459991,115.06
2026-09-06,ukiyo,ukiyo-rh,0.0032024,8.01
2026-09-06,The Suits,the-suits-nft,0.0040573,10.15
2026-09-06,Toadzers,toadzers,0.000999999999,2.5
2026-09-06,urufu gemu,urufugemu,0.008137735198999997,20.36
2026-09-06,DIVERGENTS,divergents,0.0011215,2.81
2026-09-06,CyberLeek Genesis,cyberleek-genesis,0.000189999,0.48
2026-09-06,Black Label Birds,black-label-birds,0.0008529,2.13
2026-09-06,ROBO BROKERS,robo-brokers,0.000739,1.85
2026-09-06,Sherwood Outlaws,sherwood-outlaws,0.0002899,0.73
2026-09-06,WIF Outlaws,wif-outlaws,0.1979998,495.28
2026-09-06,Internet Monkes,internetmonkes,0.02602,65.09
2026-09-06,Hopium Machines,hopium-machines,0.001416699899,3.54
2026-09-06,Chain Mancers,chain-mancers,0.7957,1996.1
2026-09-06,OnChainHoodies,rh-onchainhoodies,0.02,50.17
2026-09-06,pyopyopyopyo,pyopyopyopyo-nft,0.03,75.26
2026-09-06,H00dle,h00dle,0.0035964,9.02
2026-09-06,Gremlin Cartel,gremlin-cartel,0.006249,15.68
2026-09-06,Robinhood Kitties,robinhood-kitties,0.014,35.12
2026-09-06,PitBoys,pitboys,0.0142174,35.67
2026-09-06,Bulls Runners Genesis,bulls-runners-genesis,0.016629225098999997,41.72
2026-09-06,Yardkeepers,yardkeepers,0.434,1088.74
2026-09-06,RH MACHINES,rhmachines,0.03979999,99.84
2026-09-06,Robinhood Punks,robinhood-punks,0.0056789,14.25
2026-09-06,Rekt Tradooor,rekt-tradooor,0.0459987,115.39
2026-09-06,ukiyo,ukiyo-rh,0.0029996,7.52
2026-09-06,The Suits,the-suits-nft,0.0038,9.53
2026-09-06,Toadzers,toadzers,0.0009999,2.51
2026-09-06,urufu gemu,urufugemu,0.0076124,19.1
2026-09-06,DIVERGENTS,divergents,0.001349399999,3.39
2026-09-06,CyberLeek Genesis,cyberleek-genesis,0.000189999,0.48
2026-09-06,Black Label Birds,black-label-birds,0.0008529,2.14
2026-09-06,ROBO BROKERS,robo-brokers,0.000732499999,1.84
2026-09-06,Sherwood Outlaws,sherwood-outlaws,0.0002899,0.73
2026-09-06,WIF Outlaws,wif-outlaws,0.1988231,498.77
2026-09-06,Internet Monkes,internetmonkes,0.0274999,68.99
2026-09-06,Hopium Machines,hopium-machines,0.001300986420999981,3.26
2026-09-06,Chain Mancers,chain-mancers,0.65,1627.47
2026-09-06,OnChainHoodies,rh-onchainhoodies,0.02,50.08
2026-09-06,pyopyopyopyo,pyopyopyopyo-nft,0.03,75.11
2026-09-06,H00dle,h00dle,0.00359636,9
2026-09-06,Gremlin Cartel,gremlin-cartel,0.006249,15.65
2026-09-06,Robinhood Kitties,robinhood-kitties,0.014,35.05
2026-09-06,PitBoys,pitboys,0.0139724999,34.98
2026-09-06,Bulls Runners Genesis,bulls-runners-genesis,0.0166292227,41.64
2026-09-06,Yardkeepers,yardkeepers,0.434,1086.65
2026-09-06,RH MACHINES,rhmachines,0.0398,99.65
2026-09-06,Robinhood Punks,robinhood-punks,0.0056549,14.16
2026-09-06,Rekt Tradooor,rekt-tradooor,0.0459982,115.17
2026-09-06,ukiyo,ukiyo-rh,0.0029046999,7.27
2026-09-06,The Suits,the-suits-nft,0.0038,9.51
2026-09-06,Toadzers,toadzers,0.0009999,2.5
2026-09-06,urufu gemu,urufugemu,0.0070349,17.61
2026-09-06,DIVERGENTS,divergents,0.0012815,3.21
2026-09-06,CyberLeek Genesis,cyberleek-genesis,0.000189999,0.48
2026-09-06,Black Label Birds,black-label-birds,0.0008529,2.14
2026-09-06,ROBO BROKERS,robo-brokers,0.00045,1.13
2026-09-06,Sherwood Outlaws,sherwood-outlaws,0.0002899,0.73
2026-09-06,WIF Outlaws,wif-outlaws,0.1988231,497.81
2026-09-06,Internet Monkes,internetmonkes,0.0285,71.36
2026-09-06,Hopium Machines,hopium-machines,0.001227160123,3.07
2026-09-06,Chain Mancers,chain-mancers,0.64999,1634.63
2026-09-06,OnChainHoodies,rh-onchainhoodies,0.02,50.3
2026-09-06,pyopyopyopyo,pyopyopyopyo-nft,0.03,75.45
2026-09-06,H00dle,h00dle,0.003596159999,9.04
2026-09-06,Gremlin Cartel,gremlin-cartel,0.006249,15.72
2026-09-06,Robinhood Kitties,robinhood-kitties,0.014,35.21
2026-09-06,PitBoys,pitboys,0.0129999954,32.69
2026-09-06,Bulls Runners Genesis,bulls-runners-genesis,0.0166292129,41.82
2026-09-06,Yardkeepers,yardkeepers,0.434,1091.45
2026-09-06,RH MACHINES,rhmachines,0.04008999,100.82
2026-09-06,Robinhood Punks,robinhood-punks,0.0058677,14.76
2026-09-06,Rekt Tradooor,rekt-tradooor,0.0459999,115.68
2026-09-06,ukiyo,ukiyo-rh,0.0028307999,7.12
2026-09-06,The Suits,the-suits-nft,0.0038,9.56
2026-09-06,Toadzers,toadzers,0.000999699999999999,2.51
2026-09-06,urufu gemu,urufugemu,0.0066267,16.67
2026-09-06,DIVERGENTS,divergents,0.0012612,3.17
2026-09-06,CyberLeek Genesis,cyberleek-genesis,0.000189999,0.48
2026-09-06,Black Label Birds,black-label-birds,0.0008529,2.14
2026-09-06,ROBO BROKERS,robo-brokers,0.0008481,2.13
2026-09-06,Sherwood Outlaws,sherwood-outlaws,0.0002899,0.73
2026-09-06,WIF Outlaws,wif-outlaws,0.1988231,500.01
2026-09-06,Internet Monkes,internetmonkes,0.02878,72.38
2026-09-06,Hopium Machines,hopium-machines,0.001227137398,3.09
2026-09-06,Chain Mancers,chain-mancers,0.61,1528.26
2026-09-06,OnChainHoodies,rh-onchainhoodies,0.02,50.11
2026-09-06,pyopyopyopyo,pyopyopyopyo-nft,0.03,75.16
2026-09-06,H00dle,h00dle,0.0035938,9
2026-09-06,Gremlin Cartel,gremlin-cartel,0.006249,15.66
2026-09-06,Robinhood Kitties,robinhood-kitties,0.014,35.07
2026-09-06,PitBoys,pitboys,0.0129999499,32.57
2026-09-06,Bulls Runners Genesis,bulls-runners-genesis,0.019962,50.01
2026-09-06,Yardkeepers,yardkeepers,0.434,1087.32
2026-09-06,RH MACHINES,rhmachines,0.044,110.24
2026-09-06,Robinhood Punks,robinhood-punks,0.0057381,14.38
2026-09-06,Rekt Tradooor,rekt-tradooor,0.0459999,115.25
2026-09-06,ukiyo,ukiyo-rh,0.0027535999,6.9
2026-09-06,The Suits,the-suits-nft,0.0038,9.52
2026-09-06,Toadzers,toadzers,0.000999699999999999,2.5
2026-09-06,urufu gemu,urufugemu,0.0063098,15.81
2026-09-06,DIVERGENTS,divergents,0.001362099999,3.41
2026-09-06,CyberLeek Genesis,cyberleek-genesis,0.000189999,0.48
2026-09-06,Black Label Birds,black-label-birds,0.0008529,2.14
2026-09-06,ROBO BROKERS,robo-brokers,0.0007387,1.85
2026-09-06,Sherwood Outlaws,sherwood-outlaws,0.0002899,0.73
2026-09-06,WIF Outlaws,wif-outlaws,0.198823,498.12
2026-09-06,Internet Monkes,internetmonkes,0.029,72.66
2026-09-06,Hopium Machines,hopium-machines,0.0012,3.01
